{
    "name": "root",
    "gauges": {
        "Car.Policy.Entropy.mean": {
            "value": 1.2409765720367432,
            "min": 1.2409765720367432,
            "max": 1.2419151067733765,
            "count": 2
        },
        "Car.Policy.Entropy.sum": {
            "value": 12464.3681640625,
            "min": 5578.6826171875,
            "max": 12464.3681640625,
            "count": 2
        },
        "Car.Step.mean": {
            "value": 89988.0,
            "min": 79998.0,
            "max": 89988.0,
            "count": 2
        },
        "Car.Step.sum": {
            "value": 89988.0,
            "min": 79998.0,
            "max": 89988.0,
            "count": 2
        },
        "Car.Policy.ExtrinsicValueEstimate.mean": {
            "value": 0.24499927461147308,
            "min": 0.2003360390663147,
            "max": 0.24499927461147308,
            "count": 2
        },
        "Car.Policy.ExtrinsicValueEstimate.sum": {
            "value": 58.799827575683594,
            "min": 23.038644790649414,
            "max": 58.799827575683594,
            "count": 2
        },
        "Car.Environment.EpisodeLength.mean": {
            "value": 78.1984126984127,
            "min": 73.86666666666666,
            "max": 78.1984126984127,
            "count": 2
        },
        "Car.Environment.EpisodeLength.sum": {
            "value": 9853.0,
            "min": 4432.0,
            "max": 9853.0,
            "count": 2
        },
        "Car.Environment.CumulativeReward.mean": {
            "value": 2.184767171857864,
            "min": 2.184767171857864,
            "max": 2.2292687079664004,
            "count": 2
        },
        "Car.Environment.CumulativeReward.sum": {
            "value": 277.4654308259487,
            "min": 131.52685377001762,
            "max": 277.4654308259487,
            "count": 2
        },
        "Car.Policy.ExtrinsicReward.mean": {
            "value": 2.184767171857864,
            "min": 2.184767171857864,
            "max": 2.2292687079664004,
            "count": 2
        },
        "Car.Policy.ExtrinsicReward.sum": {
            "value": 277.4654308259487,
            "min": 131.52685377001762,
            "max": 277.4654308259487,
            "count": 2
        },
        "Car.Losses.PolicyLoss.mean": {
            "value": 0.25035620216686993,
            "min": 0.23990048649904713,
            "max": 0.25035620216686993,
            "count": 2
        },
        "Car.Losses.PolicyLoss.sum": {
            "value": 18.025646556014635,
            "min": 7.436915081470461,
            "max": 18.025646556014635,
            "count": 2
        },
        "Car.Losses.ValueLoss.mean": {
            "value": 0.037580009558752576,
            "min": 0.037580009558752576,
            "max": 0.04216230802414568,
            "count": 2
        },
        "Car.Losses.ValueLoss.sum": {
            "value": 2.7057606882301855,
            "min": 1.307031548748516,
            "max": 2.7057606882301855,
            "count": 2
        },
        "Car.Policy.LearningRate.mean": {
            "value": 0.00024894919201694167,
            "min": 0.00024894919201694167,
            "max": 0.00025332258975269026,
            "count": 2
        },
        "Car.Policy.LearningRate.sum": {
            "value": 0.0179243418252198,
            "min": 0.007853000282333399,
            "max": 0.0179243418252198,
            "count": 2
        },
        "Car.Policy.Epsilon.mean": {
            "value": 0.18298305833333334,
            "min": 0.18298305833333334,
            "max": 0.18444085806451616,
            "count": 2
        },
        "Car.Policy.Epsilon.sum": {
            "value": 13.1747802,
            "min": 5.717666600000001,
            "max": 13.1747802,
            "count": 2
        },
        "Car.Policy.Beta.mean": {
            "value": 0.0005,
            "min": 0.0005,
            "max": 0.0005000000000000001,
            "count": 2
        },
        "Car.Policy.Beta.sum": {
            "value": 0.036000000000000004,
            "min": 0.015500000000000003,
            "max": 0.036000000000000004,
            "count": 2
        },
        "Car.IsTraining.mean": {
            "value": 1.0,
            "min": 1.0,
            "max": 1.0,
            "count": 2
        },
        "Car.IsTraining.sum": {
            "value": 1.0,
            "min": 1.0,
            "max": 1.0,
            "count": 2
        }
    },
    "metadata": {
        "timer_format_version": "0.1.0",
        "start_time_seconds": "1649287563",
        "python_version": "3.7.0 (v3.7.0:1bf9cc5093, Jun 27 2018, 04:59:51) [MSC v.1914 64 bit (AMD64)]",
        "command_line_arguments": "C:\\Users\\edwar\\Documents\\GitHub\\CSC-30014-Project\\Unity Project\\CSC 30014 Project\\venv\\Scripts\\mlagents-learn config/car.yaml --run-id=tester --resume",
        "mlagents_version": "0.28.0",
        "mlagents_envs_version": "0.28.0",
        "communication_protocol_version": "1.5.0",
        "pytorch_version": "1.7.1+cu110",
        "numpy_version": "1.21.5",
        "end_time_seconds": "1649287746"
    },
    "total": 182.949555,
    "count": 1,
    "self": 0.006265100000035773,
    "children": {
        "run_training.setup": {
            "total": 0.06870370000000003,
            "count": 1,
            "self": 0.06870370000000003
        },
        "TrainerController.start_learning": {
            "total": 182.87458619999998,
            "count": 1,
            "self": 0.6241512000013927,
            "children": {
                "TrainerController._reset_env": {
                    "total": 6.5729864,
                    "count": 1,
                    "self": 6.5729864
                },
                "TrainerController.advance": {
                    "total": 175.6126407999986,
                    "count": 22797,
                    "self": 0.25769679999839923,
                    "children": {
                        "env_step": {
                            "total": 175.3549440000002,
                            "count": 22797,
                            "self": 125.98472819999947,
                            "children": {
                                "SubprocessEnvManager._take_step": {
                                    "total": 49.10367350000071,
                                    "count": 22797,
                                    "self": 1.530701200001296,
                                    "children": {
                                        "TorchPolicy.evaluate": {
                                            "total": 47.572972299999414,
                                            "count": 22547,
                                            "self": 24.5559322999989,
                                            "children": {
                                                "TorchPolicy.sample_actions": {
                                                    "total": 23.017040000000513,
                                                    "count": 22547,
                                                    "self": 23.017040000000513
                                                }
                                            }
                                        }
                                    }
                                },
                                "workers": {
                                    "total": 0.26654230000001,
                                    "count": 22796,
                                    "self": 0.0,
                                    "children": {
                                        "worker_root": {
                                            "total": 174.54817320000026,
                                            "count": 22796,
                                            "is_parallel": true,
                                            "self": 71.7775121999993,