{
    "name": "root",
    "metadata": {
        "timer_format_version": "0.1.0",
        "start_time_seconds": "1649285498",
        "python_version": "3.7.0 (v3.7.0:1bf9cc5093, Jun 27 2018, 04:59:51) [MSC v.1914 64 bit (AMD64)]",
        "command_line_arguments": "C:\\Users\\edwar\\Documents\\GitHub\\CSC-30014-Project\\Unity Project\\CSC 30014 Project\\venv\\Scripts\\mlagents-learn --force",
        "mlagents_version": "0.28.0",
        "mlagents_envs_version": "0.28.0",
        "communication_protocol_version": "1.5.0",
        "pytorch_version": "1.7.1+cu110",
        "numpy_version": "1.21.5",
        "end_time_seconds": "1649285554"
    },
    "total": 56.574534400000005,
    "count": 1,
    "self": 10.005752000000008,
    "children": {
        "run_training.setup": {
            "total": 0.0611197,
            "count": 1,
            "self": 0.0611197
        },
        "TrainerController.start_learning": {
            "total": 46.5076627,
            "count": 1,
            "self": 0.09987789999983221,
            "children": {
                "TrainerController._reset_env": {
                    "total": 6.139441,
                    "count": 1,
                    "self": 6.139441
                },
                "TrainerController.advance": {
                    "total": 40.145222900000164,
                    "count": 5533,
                    "self": 0.07924180000031811,
                    "children": {
                        "env_step": {
                            "total": 39.44192099999981,
                            "count": 5533,
                            "self": 27.837477499999743,
                            "children": {
                                "SubprocessEnvManager._take_step": {
                                    "total": 11.54946219999993,
                                    "count": 5534,
                                    "self": 0.30638259999994233,
                                    "children": {
                                        "TorchPolicy.evaluate": {
                                            "total": 11.243079599999987,
                                            "count": 5534,
                                            "self": 6.419415300000079,
                                            "children": {
                                                "TorchPolicy.sample_actions": {
                                                    "total": 4.823664299999908,
                                                    "count": 5534,
                                                    "self": 4.823664299999908
                                                }
                                            }
                                        }
                                    }
                                },
                                "workers": {
                                    "total": 0.05498130000013468,
                                    "count": 5532,
                                    "self": 0.0,
                                    "children": {
                                        "worker_root": {
                                            "total": 29.67436960000019,
                                            "count": 5532,
                                            "is_parallel": true,
                                            "self": 17.16285600000004,
                                            "children": {
                                                "steps_from_proto": {
                                                    "total": 0.0005827999999992173,
                                                    "count": 2,
                                                    "is_parallel": true,
                                                    "self": 0.00021310000000074325,
                                                    "children": {
                                                        "_process_rank_one_or_two_observation": {
                                                            "total": 0.000369699999998474,
                                                            "count": 8,
                                                            "is_parallel": true,
                                                            "self": 0.000369699999998474
                                                        }
                                                    }
                                                },
                                                "UnityEnvironment.step": {
                                                    "total": 12.510930800000152,
                                                    "count": 5532,
                                                    "is_parallel": true,
                                                    "self": 0.3219763000000082,
                                                    "children": {
                                                        "UnityEnvironment._generate_step_input": {
                                                            "total": 0.3007156000000757,
                                                            "count": 5532,
                                                            "is_parallel": true,
                                                            "self": 0.3007156000000757
                                                        },
                                                        "communicator.exchange": {
                                                            "total": 10.823204100000009,
                                                            "count": 5532,
                                                            "is_parallel": true,
                                                            "self": 10.823204100000009
                                                        },
                                                        "steps_from_proto": {
                                                            "total": 1.0650348000000598,
                                                            "count": 5532,
                                                            "is_parallel": true,
                                                            "self": 0.45440900000010753,
                                                            "children": {
                                                                "_process_rank_one_or_two_observation": {
                                                                    "total": 0.6106257999999523,
                                                                    "count": 22128,
                                                                    "is_parallel": true,
                                                                    "self": 0.6106257999999523
                                                                }
                                                            }
                                                        }
                                                    }
                                                }
                                            }
                                        }
                                    }
                                }
                            }
                        },
                        "trainer_advance": {
                            "total": 0.6240601000000376,
                            "count": 5532,
                            "self": 0.1181466999999925,
                            "children": {
                                "process_trajectory": {
                                    "total": 0.5059134000000451,
                                    "count": 5532,
                                    "self": 0.5059134000000451
                                }
                            }
                        }
                    }
                },