{
    "name": "root",
    "metadata": {
        "timer_format_version": "0.1.0",
        "start_time_seconds": "1649288101",
        "python_version": "3.7.0 (v3.7.0:1bf9cc5093, Jun 27 2018, 04:59:51) [MSC v.1914 64 bit (AMD64)]",
        "command_line_arguments": "C:\\Users\\edwar\\Documents\\GitHub\\CSC-30014-Project\\Unity Project\\CSC 30014 Project\\venv\\Scripts\\mlagents-learn config/car.yaml --run-id=testwithnewrewardandsum --resume",
        "mlagents_version": "0.28.0",
        "mlagents_envs_version": "0.28.0",
        "communication_protocol_version": "1.5.0",
        "pytorch_version": "1.7.1+cu110",
        "numpy_version": "1.21.5",
        "end_time_seconds": "1649288911"
    },
    "total": 809.5905404,
    "count": 1,
    "self": 0.006934999999998581,
    "children": {
        "run_training.setup": {
            "total": 0.06540469999999998,
            "count": 1,
            "self": 0.06540469999999998
        },
        "TrainerController.start_learning": {
            "total": 809.5182007,
            "count": 1,
            "self": 2.780684300004509,
            "children": {
                "TrainerController._reset_env": {
                    "total": 9.833861,
                    "count": 1,
                    "self": 9.833861
                },
                "TrainerController.advance": {
                    "total": 796.8377011999955,
                    "count": 102095,
                    "self": 1.3041756999861036,
                    "children": {
                        "env_step": {
                            "total": 795.5335255000094,
                            "count": 102095,
                            "self": 566.1881613000089,
                            "children": {
                                "SubprocessEnvManager._take_step": {
                                    "total": 228.1897602999876,
                                    "count": 102096,
                                    "self": 6.917152899995756,
                                    "children": {
                                        "TorchPolicy.evaluate": {
                                            "total": 221.27260739999184,
                                            "count": 100618,
                                            "self": 119.4087418999905,
                                            "children": {
                                                "TorchPolicy.sample_actions": {
                                                    "total": 101.86386550000134,
                                                    "count": 100618,
                                                    "self": 101.86386550000134
                                                }
                                            }
                                        }
                                    }
                                },
                                "workers": {
                                    "total": 1.1556039000128866,
                                    "count": 102094,
                                    "self": 0.0,
                                    "children": {
                                        "worker_root": {
                                            "total": 782.3292750999949,
                                            "count": 102094,
                                            "is_parallel": true,
                                            "self": 328.5593530999923,
                                            "children": {
                                                "steps_from_proto": {
                                                    "total": 0.0003307000000010163,
                                                    "count": 1,
                                                    "is_parallel": true,
                                                    "self": 0.00011480000000041457,
                                                    "children": {
                                                        "_process_rank_one_or_two_observation": {
                                                            "total": 0.00021590000000060172,
                                                            "count": 4,
                                                            "is_parallel": true,
                                                            "self": 0.00021590000000060172
                                                        }
                                                    }
                                                },
                                                "UnityEnvironment.step": {
                                                    "total": 453.7695913000026,
                                                    "count": 102094,
                                                    "is_parallel": true,
                                                    "self": 8.294440499981249,
                                                    "children": {
                                                        "UnityEnvironment._generate_step_input": {
                                                            "total": 7.3188375000136165,
                                                            "count": 102094,
                                                            "is_parallel": true,
                                                            "self": 7.3188375000136165
                                                        },
                                                        "communicator.exchange": {
                                                            "total": 413.8421174000033,
                                                            "count": 102094,
                                                            "is_parallel": true,
                                                            "self": 413.8421174000033
                                                        },
                                                        "steps_from_proto": {
                                                            "total": 24.31419590000447,
                                                            "count": 102094,
                                                            "is_parallel": true,
                                                            "self": 9.887772199986255,
                                                            "children": {
                                                                "_process_rank_one_or_two_observation": {
                                                                    "total": 14.426423700018216,
                                                                    "count": 408376,
                                                                    "is_parallel": true,
                                                                    "self": 14.426423700018216
                                                                }
                                                            }
                                                        }
                                                    }
                                                }
                                            }
                                        }
                                    }
                                }
                            }
                        }
                    }
                },
                "TrainerController._save_models": {
                    "total": 0.06595419999996466,
                    "count": 1,
                    "self": 0.00511699999992743,
                    "children": {
                        "RLTrainer._checkpoint": {
                            "total": 0.06083720000003723,
                            "count": 1,