{"count":1,"self":25.43984,"total":40.3340834,"children":{"InitializeActuators":{"count":1,"self":0.0010003,"total":0.0010003,"children":null},"InitializeSensors":{"count":1,"self":0.0040006999999999994,"total":0.0040006999999999994,"children":null},"AgentSendState":{"count":25567,"self":0.24212209999999998,"total":0.44019369999999997,"children":{"CollectObservations":{"count":2557,"self":0.042954099999999995,"total":0.042954099999999995,"children":null},"WriteActionMask":{"count":2557,"self":0.0034405,"total":0.0034405,"children":null},"RequestDecision":{"count":2557,"self":0.0388551,"total":0.151677,"children":{"AgentInfo.ToProto":{"count":2557,"self":0.0305571,"total":0.11282189999999999,"children":{"GenerateSensorData":{"count":2557,"self":0.068682399999999991,"total":0.0822648,"children":{"RayPerceptionSensor.Perceive":{"count":2557,"self":0.0135824,"total":0.0135824,"children":null}}}}}}}}},"DecideAction":{"count":25567,"self":14.359919999999999,"total":14.3599204,"children":null},"AgentAct":{"count":25567,"self":0.0818565,"total":0.0818565,"children":null},"AgentInfo.ToProto":{"count":127,"self":0.0009995,"total":0.0072711999999999994,"children":{"GenerateSensorData":{"count":127,"self":0.00551,"total":0.0062717,"children":{"RayPerceptionSensor.Perceive":{"count":127,"self":0.00076169999999999992,"total":0.00076169999999999992,"children":null}}}}}},"gauges":{"Car.CumulativeReward":{"count":127,"max":0.009809613,"min":-1,"runningAverage":-0.99204886,"value":-1,"weightedAverage":-0.9999999}},"metadata":{"timer_format_version":"0.1.0","start_time_seconds":"1649797552","unity_version":"2022.1.0b9","command_line_arguments":"C:\\Program Files\\Unity\\Hub\\Editor\\2022.1.0b9\\Editor\\Unity.exe -projectpath C:\\Users\\edwar\\Documents\\GitHub\\CSC-30014-Project\\Unity Project\\CSC 30014 Project -useHub -hubIPC -cloudEnvironment production -licensingIpc LicenseClient-edwar -hubSessionId 9066a610-af55-11ec-ae1a-49afe71eda25 -accessToken wy708-y25rDFMZ784TH0Tfy9QmTjyhDiOYDHGwGUYwA005f","communication_protocol_version":"1.5.0","com.unity.ml-agents_version":"2.0.1","scene_name":"TrackV2","end_time_seconds":"1649797592"}}